customerid,gender,seniorcitizen,partner,dependents,tenure,phoneservice,multiplelines,opentooffers,eventsparticipation,ridesparticipation,ownsaccessories,techsupport,regularservice,extendedwarranty,contract,insurance,paymentmethod,engagementscore,rfmservice
089ed3fe-6aca-4829-8bd4-f75e104bd718,Female,0,Yes,Yes,16,Yes,Yes,Fiber optic,Yes,No,Yes,Yes,Yes,Yes,Month-to-month,Yes,Electronic check,112.95,1882.55
2fb66a50-cf8d-4f4e-8bb8-59700806587e,Female,1,No,No,49,Yes,Yes,Fiber optic,Yes,No,No,No,Yes,Yes,Month-to-month,No,Credit card (automatic),101.55,5070.4
68b863ab-4981-4a82-9ebb-c0bf2d7aec9e,Female,0,Yes,No,54,Yes,Yes,Fiber optic,Yes,Yes,Yes,Yes,Yes,Yes,One year,Yes,Mailed check,114.65,6049.5
1ac76b3e-8cae-4f9e-a130-0a9aa22a27a0,Female,0,No,Yes,18,Yes,Yes,DSL,Yes,No,No,No,No,Yes,Month-to-month,No,Electronic check,64.8,1166.7
97262963-10fa-4a47-91eb-48bc3e09a16c,Female,0,Yes,No,36,Yes,No,Fiber optic,No,No,No,No,No,Yes,Month-to-month,No,Electronic check,80.4,2937.65
80bbde86-dce3-4f86-9917-9d0f87a6fffb,Female,0,No,No,60,Yes,Yes,Fiber optic,No,Yes,Yes,No,Yes,Yes,Month-to-month,Yes,Electronic check,105.9,6396.45
d764cdf9-d5db-453a-90ed-91ebbff5dfb4,Female,0,No,No,1,Yes,No,Fiber optic,No,No,No,No,No,No,Month-to-month,No,Mailed check,69.55,69.55
9c9ccc4c-d7d5-4fb5-8a60-0c1596d9b063,Female,0,Yes,Yes,52,Yes,Yes,No,No internet service,No internet service,No internet service,No internet service,No internet service,No internet service,Two year,Yes,Bank transfer (automatic),25.05,1270.25
8dfbdc78-6212-4b8e-990c-e2cb5b29c933,Male,0,Yes,Yes,8,Yes,No,Fiber optic,No,No,Yes,No,Yes,Yes,Month-to-month,Yes,Electronic check,94.75,759.55
0ed988ca-f941-4bf0-b087-8e3026af10c2,Male,0,Yes,Yes,72,Yes,No,Fiber optic,Yes,Yes,No,Yes,Yes,Yes,Two year,No,Bank transfer (automatic),105.5,7611.55
f3017a1e-3dd7-4eb7-a258-55a22260d977,Female,0,No,No,64,Yes,Yes,No,No internet service,No internet service,No internet service,No internet service,No internet service,No internet service,One year,No,Mailed check,24.7,1642.75
082de3b3-6b4a-48d7-8aa2-24671fe31eb6,Female,1,No,No,22,Yes,No,DSL,Yes,No,Yes,Yes,No,Yes,Month-to-month,Yes,Mailed check,69.75,1545.4
81066be2-a33b-460d-a211-45a517a726a7,Male,0,Yes,No,60,No,No phone service,DSL,No,Yes,Yes,Yes,Yes,Yes,Month-to-month,Yes,Bank transfer (automatic),60.2,3582.4
73aca007-1b92-4a0d-91ac-199169f33920,Female,0,Yes,Yes,28,Yes,No,Fiber optic,No,No,No,No,No,Yes,Month-to-month,Yes,Electronic check,81.05,2227.1
3983b2e3-0d51-4a11-ac01-230209a90567,Female,0,Yes,No,61,Yes,Yes,No,No internet service,No internet service,No internet service,No internet service,No internet service,No internet service,Two year,No,Mailed check,24.4,1417.9
6b70a789-67cd-4c85-9f54-b9f883236b81,Female,0,No,No,24,Yes,Yes,Fiber optic,No,Yes,Yes,No,Yes,Yes,Month-to-month,Yes,Electronic check,104.15,2494.65
6dcc6e5a-860e-4cae-aea5-aef0f35c3991,Male,0,Yes,Yes,28,Yes,No,Fiber optic,No,Yes,Yes,Yes,Yes,No,One year,No,Bank transfer (automatic),92.9,2768.35
f443a94a-0ccb-4c04-965c-55a5b6c49a3d,Female,0,Yes,Yes,30,Yes,No,DSL,No,Yes,Yes,Yes,Yes,Yes,Two year,No,Bank transfer (automatic),80.8,2369.3
2dfdf9a0-21eb-45e0-a347-866f81abe66b,Male,0,Yes,No,2,Yes,No,No,No internet service,No internet service,No internet service,No internet service,No internet service,No internet service,Month-to-month,No,Mailed check,20.0,38.0
33c63bc3-0b61-448b-b03d-fae4ab62263a,Male,0,No,No,1,Yes,Yes,Fiber optic,No,No,No,No,No,No,Month-to-month,Yes,Electronic check,75.1,75.1
2e5f0dc7-bde8-4f35-b793-245055b77157,Male,0,No,Yes,6,Yes,No,No,No internet service,No internet service,No internet service,No internet service,No internet service,No internet service,Month-to-month,No,Mailed check,19.65,100.9
b43eabcc-8e84-4d79-ae85-4e78281cae66,Female,0,Yes,No,24,Yes,No,DSL,No,Yes,No,No,Yes,Yes,Month-to-month,Yes,Bank transfer (automatic),69.45,1614.05
656b0701-4662-44e5-b181-9a0425bb3cec,Male,0,Yes,Yes,4,Yes,Yes,Fiber optic,No,No,Yes,No,Yes,Yes,Month-to-month,No,Electronic check,101.15,385.9
5809fa96-10d7-4e3c-8f4d-b813c4dd90b2,Male,0,No,No,7,Yes,Yes,Fiber optic,No,Yes,No,No,Yes,Yes,Month-to-month,Yes,Electronic check,99.8,673.25
c7db103e-75af-4918-82f4-a2c69d2b789e,Male,1,Yes,No,72,Yes,Yes,Fiber optic,Yes,Yes,Yes,Yes,Yes,Yes,Two year,Yes,Bank transfer (automatic),116.05,8404.9
2706edd0-5cd5-43ee-b289-3a8a87f6c000,Male,0,No,No,70,No,No phone service,DSL,No,No,No,Yes,No,Yes,Two year,Yes,Mailed check,40.05,2799.75
288dff9e-db55-4cc8-ba68-9ca8a8817b1f,Male,1,Yes,No,64,Yes,Yes,Fiber optic,No,No,Yes,Yes,Yes,Yes,Two year,No,Electronic check,102.1,6538.45
6b406c21-72de-48d5-8ca0-8f12bbd70758,Male,0,Yes,Yes,72,Yes,Yes,Fiber optic,No,Yes,No,No,Yes,No,One year,Yes,Electronic check,89.7,6588.95
5f7a29d1-1e69-4b34-9673-48b55362959a,Female,0,No,Yes,44,Yes,No,No,No internet service,No internet service,No internet service,No internet service,No internet service,No internet service,Two year,No,Mailed check,19.9,868.1
369e9acb-80a4-46cc-b045-e8e28a98d2b1,Female,0,Yes,Yes,13,Yes,No,DSL,No,No,No,No,No,Yes,Month-to-month,No,Electronic check,55.95,734.35
a86a1962-8a57-4b6c-9941-a6c499a7ace2,Female,1,No,No,17,Yes,No,No,No internet service,No internet service,No internet service,No internet service,No internet service,No internet service,One year,No,Mailed check,20.65,330.6
610922b3-e4c1-4ebc-b081-dcbd513eddf6,Male,0,No,No,1,Yes,No,DSL,No,No,No,No,No,Yes,Month-to-month,Yes,Electronic check,55.0,55.0
8792d4b2-5e80-4c19-a214-85a4b3da4024,Male,0,Yes,No,9,Yes,No,DSL,No,No,Yes,No,Yes,Yes,Month-to-month,Yes,Mailed check,70.05,564.4
7fe4e026-844b-4e78-bc81-303b091826c6,Male,0,Yes,No,24,Yes,No,DSL,Yes,No,No,Yes,No,No,Month-to-month,No,Mailed check,53.6,1315.35
1099abbd-af8a-4758-8a13-1a38d4c47edd,Female,0,Yes,Yes,1,Yes,No,Fiber optic,No,Yes,No,No,No,No,Month-to-month,Yes,Electronic check,74.7,74.7
2a851de3-ab8d-4347-8ee0-d43e632409c7,Male,0,No,No,24,Yes,Yes,Fiber optic,No,Yes,No,No,No,No,Month-to-month,Yes,Electronic check,80.25,1861.5
c0188e4e-ace9-4acf-be9b-56002dbe396f,Male,1,Yes,Yes,35,Yes,No,DSL,No,Yes,No,Yes,Yes,Yes,Month-to-month,Yes,Electronic check,76.05,2747.2
2162bdef-e368-419c-b543-abbf90103bfb,Female,0,Yes,Yes,7,Yes,No,DSL,Yes,Yes,Yes,Yes,Yes,No,Month-to-month,Yes,Electronic check,75.7,554.05
975e4f7f-3ee1-45b2-9919-d80eb8ea1198,Male,0,No,No,5,Yes,No,Fiber optic,No,No,No,Yes,Yes,Yes,Month-to-month,Yes,Electronic check,96.1,453.4
affca1d3-c658-4c6b-8fa8-ebc562e61c09,Female,0,No,Yes,15,Yes,No,Fiber optic,No,No,No,No,No,No,Month-to-month,No,Bank transfer (automatic),69.0,994.8
1561ef3d-8d78-4459-978c-1d07906d6d4a,Male,0,Yes,Yes,11,Yes,No,No,No internet service,No internet service,No internet service,No internet service,No internet service,No internet service,Two year,No,Mailed check,19.65,225.75
0e77f98e-b6f8-416f-a251-6684f866583e,Female,0,Yes,No,48,No,No phone service,DSL,Yes,No,Yes,No,No,Yes,Month-to-month,Yes,Bank transfer (automatic),45.3,2145.0
ae95d526-41b3-4a35-bd4e-ea5a2838fafa,Female,1,No,No,20,Yes,No,Fiber optic,No,No,No,No,No,Yes,Month-to-month,Yes,Electronic check,81.45,1671.6
e40a5328-ce4b-4395-a622-7a98d34f0462,Female,0,Yes,No,72,Yes,Yes,Fiber optic,No,Yes,Yes,Yes,Yes,Yes,One year,Yes,Bank transfer (automatic),108.5,8003.8
989e4c3c-fd05-420e-aaeb-8acde41cb77d,Female,0,Yes,Yes,8,Yes,No,Fiber optic,No,Yes,No,No,Yes,No,Month-to-month,Yes,Electronic check,83.55,680.05
f3ee5579-edd9-47c7-9788-cd9fab7e6437,Male,0,Yes,Yes,72,Yes,Yes,Fiber optic,No,No,No,No,No,Yes,Two year,Yes,Credit card (automatic),84.5,6130.85
3381582b-ab40-42a0-a490-6c736d0e6fde,Female,0,No,No,15,Yes,Yes,Fiber optic,No,Yes,No,No,Yes,Yes,Month-to-month,Yes,Electronic check,100.15,1415.0
84109b6c-79a8-4712-b3bf-6bf2fa95ac34,Male,0,No,No,72,Yes,Yes,DSL,No,Yes,Yes,Yes,Yes,Yes,Two year,Yes,Bank transfer (automatic),88.6,6201.95
2505cdea-15fe-4032-b8ac-6f520404a573,Female,0,Yes,Yes,0,No,No phone service,DSL,Yes,No,Yes,Yes,Yes,No,Two year,Yes,Bank transfer (automatic),52.55,0.0
ae7771c7-cbbb-4cc9-b7b2-cc0b55a21f87,Male,0,No,Yes,1,Yes,Yes,Fiber optic,No,No,No,No,No,No,Month-to-month,Yes,Electronic check,74.35,74.35
635c3d63-f262-4745-9cd1-c2509bcfe665,Male,0,Yes,Yes,63,Yes,Yes,Fiber optic,No,Yes,Yes,No,Yes,Yes,Two year,Yes,Bank transfer (automatic),104.8,6597.25
82652ea5-0865-49e5-9213-65bda490257c,Female,0,No,No,2,Yes,No,DSL,No,Yes,No,No,Yes,No,Month-to-month,Yes,Electronic check,59.0,114.15
495b4fe5-397d-44e1-916c-2c43e9047223,Female,0,Yes,No,2,Yes,No,Fiber optic,Yes,No,No,No,No,No,Month-to-month,Yes,Electronic check,74.4,139.4
c6a44714-bc9e-4b4c-a2b2-a46bc6657e32,Male,1,Yes,No,61,Yes,Yes,DSL,No,Yes,No,No,No,Yes,One year,No,Bank transfer (automatic),64.05,3902.6
9fbb82c2-5fbd-4f97-a78a-f44ef4993d6e,Male,0,No,No,1,Yes,No,No,No internet service,No internet service,No internet service,No internet service,No internet service,No internet service,Month-to-month,No,Mailed check,20.4,20.4
d8989190-e7a1-46a8-aa36-9385c93fad9a,Male,0,No,No,22,No,No phone service,DSL,No,Yes,Yes,No,No,Yes,One year,Yes,Bank transfer (automatic),43.75,903.6
255e30aa-2c8e-4d45-804e-38ce6f7718b4,Male,0,Yes,No,28,Yes,No,DSL,Yes,Yes,No,Yes,No,No,Month-to-month,No,Mailed check,60.9,1785.65
ea042ab4-b6bc-4c50-ac2f-ec26d502134c,Female,0,Yes,No,70,Yes,No,No,No internet service,No internet service,No internet service,No internet service,No internet service,No internet service,Two year,No,Bank transfer (automatic),19.8,1397.65
ec03df16-e7fc-49d1-be12-d16707debfdc,Female,1,No,No,5,No,No phone service,DSL,No,Yes,No,No,No,No,Month-to-month,No,Electronic check,28.45,131.05
da59d71c-87ec-464a-b68d-ccb636eb6b54,Female,0,No,No,12,Yes,Yes,Fiber optic,Yes,Yes,Yes,No,No,Yes,Month-to-month,Yes,Bank transfer (automatic),99.7,1238.45
9c4dc359-1b58-4a23-a190-036aaa3e9fd0,Male,0,No,No,34,Yes,Yes,Fiber optic,Yes,Yes,Yes,Yes,Yes,Yes,One year,No,Credit card (automatic),116.25,3899.05
75835824-3125-48b2-ac64-a19b43128170,Female,1,Yes,No,71,Yes,Yes,Fiber optic,Yes,No,No,No,No,No,Two year,Yes,Credit card (automatic),80.7,5676.0
820c4dd1-f140-426b-8e4e-32e75843d849,Female,0,Yes,Yes,70,Yes,Yes,DSL,Yes,No,No,No,No,Yes,One year,No,Bank transfer (automatic),65.2,4543.15
6903b731-ad69-49f8-96d8-72e26a355a49,Female,0,Yes,Yes,52,Yes,No,Fiber optic,Yes,No,Yes,Yes,No,No,Month-to-month,Yes,Bank transfer (automatic),84.05,4326.8
4597085b-0dc9-4074-a088-ac8038801cf0,Male,0,No,Yes,69,Yes,Yes,DSL,Yes,Yes,Yes,Yes,Yes,No,Two year,Yes,Credit card (automatic),79.45,5502.55
65317797-724c-4d09-a4c6-c732948b3fa3,Female,1,No,No,20,Yes,Yes,Fiber optic,No,Yes,Yes,No,No,Yes,Month-to-month,Yes,Electronic check,94.1,1782.4
11e1f783-32ac-42ad-b093-397785273e8d,Male,0,No,Yes,11,Yes,Yes,Fiber optic,No,No,Yes,No,No,No,Month-to-month,Yes,Mailed check,78.0,851.8
46b30aae-578e-474d-93c2-480107d11bc3,Male,0,Yes,No,2,Yes,No,Fiber optic,No,No,No,Yes,Yes,Yes,Month-to-month,Yes,Electronic check,94.2,167.5
aafb1e0d-9ca8-49a4-8e7b-094e0669a70e,Female,0,Yes,Yes,6,Yes,Yes,Fiber optic,No,No,No,Yes,No,No,Month-to-month,Yes,Electronic check,80.5,502.85
7a8513ea-bc03-4011-abcf-3ef3e19273ad,Female,0,No,No,1,Yes,No,No,No internet service,No internet service,No internet service,No internet service,No internet service,No internet service,Month-to-month,No,Mailed check,19.85,19.85
86550a67-f9df-40c6-866a-35b40eea97bf,Male,1,Yes,Yes,20,Yes,No,Fiber optic,Yes,No,Yes,Yes,No,Yes,One year,No,Credit card (automatic),94.3,1818.3
4b8c1760-6de2-45f1-ae11-c06b6982bf71,Male,0,No,No,61,Yes,Yes,Fiber optic,Yes,No,Yes,No,Yes,Yes,Month-to-month,Yes,Electronic check,106.45,6300.15
ebfa5010-5bd9-4ef7-bddd-dbcb346481de,Female,1,Yes,No,5,Yes,Yes,Fiber optic,No,No,No,No,No,No,Month-to-month,Yes,Electronic check,74.35,334.8
28415f7d-20b8-48d5-96bb-9357b4faead0,Female,0,No,No,56,Yes,Yes,Fiber optic,No,Yes,No,Yes,Yes,Yes,Month-to-month,Yes,Bank transfer (automatic),105.45,5916.95
f2ee1382-08d8-4550-acfd-e66a245187b3,Male,0,No,No,30,Yes,Yes,Fiber optic,Yes,Yes,Yes,Yes,No,No,Month-to-month,Yes,Credit card (automatic),95.0,2852.4
41a2f8e0-7409-4c20-b3a0-ca66b987b94d,Male,0,No,No,40,Yes,Yes,Fiber optic,No,No,Yes,Yes,Yes,Yes,Month-to-month,No,Bank transfer (automatic),104.8,4131.95
944982ff-fb2b-4f1e-a895-3267147af785,Female,0,No,No,28,Yes,No,DSL,Yes,No,No,Yes,No,No,One year,No,Mailed check,54.3,1546.3
11879726-9f9a-49ba-a13f-023a2525cc1e,Female,1,Yes,No,5,Yes,No,Fiber optic,No,No,No,No,No,No,Month-to-month,No,Electronic check,70.05,302.6
1dcab673-2e06-4646-b701-751451cd331b,Female,1,Yes,No,27,Yes,No,Fiber optic,Yes,No,No,No,No,No,Month-to-month,Yes,Bank transfer (automatic),75.2,1929.35
d69e42b9-8a47-446d-bfa9-601e9ac3b2e9,Male,0,No,No,12,Yes,No,No,No internet service,No internet service,No internet service,No internet service,No internet service,No internet service,Month-to-month,No,Credit card (automatic),20.05,265.45
9f5ff280-705e-49eb-abef-d3c602b7c9fa,Male,0,Yes,Yes,67,Yes,Yes,Fiber optic,No,Yes,Yes,No,Yes,Yes,One year,Yes,Electronic check,105.4,6989.45
6cf0f8be-9bdb-4002-a2ca-a2764dc1639e,Male,1,Yes,No,29,Yes,Yes,DSL,No,No,No,No,No,No,Month-to-month,Yes,Electronic check,51.6,1442.0
5ac63381-ea9a-4e76-87e7-518ca6c7a28c,Male,0,Yes,Yes,55,Yes,Yes,Fiber optic,No,No,No,No,No,Yes,Month-to-month,No,Bank transfer (automatic),85.5,4713.4
e3cf2f01-48f6-4e0c-9698-2e343ff4ae8f,Female,0,No,No,23,Yes,Yes,Fiber optic,No,No,No,No,No,No,Month-to-month,No,Bank transfer (automatic),75.6,1758.6
94b92e5b-e733-41ee-ab12-daf42bd67d18,Male,0,Yes,No,34,Yes,Yes,Fiber optic,No,No,Yes,No,Yes,Yes,Month-to-month,Yes,Electronic check,100.05,3480.0
39bcb87e-d6b5-40b8-addf-977f27efe017,Male,0,No,No,52,Yes,No,Fiber optic,Yes,No,Yes,No,Yes,No,One year,No,Electronic check,91.25,4738.3
e5462fa0-d55e-4926-b9bf-a721e0431c97,Male,1,Yes,Yes,72,Yes,Yes,Fiber optic,Yes,Yes,Yes,Yes,Yes,Yes,Two year,Yes,Credit card (automatic),115.75,8399.15
3ff5b556-0f97-44e3-8b55-7a63f3711eec,Male,0,Yes,Yes,58,Yes,Yes,Fiber optic,No,Yes,No,Yes,Yes,No,One year,Yes,Credit card (automatic),94.7,5430.35
79630294-dda7-4a5f-90b0-6025158f3884,Male,0,Yes,Yes,35,Yes,No,No,No internet service,No internet service,No internet service,No internet service,No internet service,No internet service,Two year,No,Mailed check,19.6,686.95
de237044-0f87-4bff-9235-7a746a387569,Female,1,No,No,56,Yes,Yes,Fiber optic,No,Yes,Yes,Yes,Yes,No,Two year,Yes,Bank transfer (automatic),99.9,5706.3
a631461f-e072-4ee9-b1ca-bb86a500d28d,Female,0,Yes,Yes,24,Yes,No,No,No internet service,No internet service,No internet service,No internet service,No internet service,No internet service,Two year,Yes,Credit card (automatic),21.1,490.65
195c10fc-001d-43c5-b8c3-3e1582180489,Male,0,Yes,Yes,70,Yes,No,No,No internet service,No internet service,No internet service,No internet service,No internet service,No internet service,Two year,No,Credit card (automatic),20.05,1360.25
a0330ca7-1023-4e08-a4c5-aa53d2620164,Male,0,No,No,2,Yes,No,Fiber optic,No,No,No,No,Yes,No,Month-to-month,Yes,Electronic check,79.95,174.45
fa68bf99-59cc-454a-a74c-33f302095812,Male,1,Yes,Yes,68,Yes,Yes,Fiber optic,No,No,Yes,Yes,Yes,Yes,One year,Yes,Credit card (automatic),107.15,7379.8
5cf2097b-49b5-420a-9c55-437eb240ddce,Female,0,No,No,1,Yes,Yes,Fiber optic,No,No,No,No,No,Yes,Month-to-month,Yes,Electronic check,85.0,85.0
18c675eb-6ac7-43b0-ad37-9b7f2993c30c,Male,0,No,No,12,Yes,Yes,Fiber optic,No,No,Yes,No,Yes,No,Month-to-month,Yes,Electronic check,89.55,1021.75
1cbb3578-f98b-4996-a73a-716f6bde5770,Female,0,Yes,No,63,Yes,Yes,Fiber optic,No,Yes,No,No,No,No,Month-to-month,Yes,Bank transfer (automatic),81.55,5029.05
fe9cc3b8-caa9-4053-81f9-f22eb4d9bc2c,Female,0,Yes,Yes,33,Yes,No,DSL,Yes,Yes,Yes,No,No,No,One year,Yes,Mailed check,58.45,1955.4
a9223ec0-e4e8-4ffe-ac0f-b2d46a77cd63,Female,0,Yes,No,69,Yes,No,Fiber optic,No,Yes,No,No,Yes,Yes,One year,Yes,Credit card (automatic),95.65,6744.2
0c4aea8e-4110-4fdd-90ba-5c786bfaa133,Female,0,Yes,Yes,60,Yes,No,DSL,No,Yes,Yes,Yes,Yes,Yes,Two year,Yes,Bank transfer (automatic),80.6,4946.7
f683ef16-c126-4de3-825a-fffcaacb35f6,Female,0,Yes,Yes,72,Yes,Yes,Fiber optic,Yes,Yes,Yes,Yes,Yes,Yes,Two year,Yes,Bank transfer (automatic),113.1,8248.5
d26df5ee-aef9-4c2d-b76f-175497907284,Female,0,No,No,11,Yes,Yes,DSL,No,No,No,No,No,Yes,Month-to-month,Yes,Mailed check,58.95,601.6
160215f6-eace-4141-8e18-80cf6a1888be,Female,0,No,No,1,Yes,No,No,No internet service,No internet service,No internet service,No internet service,No internet service,No internet service,Month-to-month,No,Mailed check,19.55,19.55
2944a904-0475-4881-90df-63d6ce2ddc08,Male,0,No,No,10,Yes,Yes,Fiber optic,No,No,No,No,Yes,No,Month-to-month,Yes,Bank transfer (automatic),86.05,834.1
633fc2f9-dd05-4439-97dd-001e119470e7,Male,0,No,No,13,No,No phone service,DSL,Yes,No,No,Yes,Yes,No,Month-to-month,Yes,Credit card (automatic),45.55,597.0
bce7061b-28c1-463b-96fb-037e9ae15ec3,Male,0,Yes,Yes,34,Yes,No,Fiber optic,No,No,No,No,No,Yes,One year,Yes,Bank transfer (automatic),78.95,2647.2
4221a848-2496-443a-9f9a-55bc8513494b,Male,0,Yes,Yes,39,Yes,No,Fiber optic,No,Yes,No,No,Yes,No,Month-to-month,Yes,Mailed check,86.3,3266.0
8b07d439-1bbe-43bf-8250-7571bf67ce97,Female,0,No,No,65,Yes,Yes,Fiber optic,No,Yes,No,Yes,Yes,Yes,One year,Yes,Bank transfer (automatic),105.05,6744.25
9b4c85c1-9894-45f3-beb2-d4840ab654a9,Male,1,Yes,No,50,Yes,Yes,Fiber optic,Yes,Yes,Yes,No,Yes,No,One year,Yes,Bank transfer (automatic),101.9,5265.5
077301b4-f406-4b99-9a8d-513b56bd6171,Male,0,No,No,15,Yes,No,No,No internet service,No internet service,No internet service,No internet service,No internet service,No internet service,Month-to-month,No,Mailed check,19.75,311.6
9e9e298e-8459-42e2-b4fc-034f07512cc7,Male,0,Yes,Yes,72,Yes,Yes,Fiber optic,Yes,Yes,Yes,No,Yes,Yes,Two year,Yes,Bank transfer (automatic),110.3,7966.9
27cdf22b-a710-42f2-be71-e9ade2efa8f3,Female,0,Yes,Yes,72,Yes,Yes,Fiber optic,Yes,Yes,Yes,Yes,Yes,Yes,Two year,Yes,Bank transfer (automatic),115.6,8220.4
64fedd30-7f21-4a4c-88db-117f3bccd5b0,Male,0,Yes,Yes,55,Yes,No,No,No internet service,No internet service,No internet service,No internet service,No internet service,No internet service,Two year,No,Bank transfer (automatic),19.35,1153.25
ef85a68a-d2b9-4a75-a84b-bae2d69b9655,Female,0,Yes,Yes,23,Yes,Yes,No,No internet service,No internet service,No internet service,No internet service,No internet service,No internet service,Two year,Yes,Credit card (automatic),25.6,514.75
a2ef6004-0b4a-43fb-b187-e6f846613cb5,Male,0,No,No,32,Yes,Yes,Fiber optic,No,Yes,No,No,No,No,Month-to-month,Yes,Bank transfer (automatic),80.35,2596.15
74c8cb56-6ab6-48e5-8a9c-1f8ce746f3d0,Female,0,Yes,Yes,56,Yes,Yes,DSL,Yes,No,Yes,No,No,Yes,One year,Yes,Bank transfer (automatic),68.75,3808.0
f3a39180-3d9e-426b-8b08-e3278d542578,Female,0,No,No,1,Yes,No,No,No internet service,No internet service,No internet service,No internet service,No internet service,No internet service,Month-to-month,No,Bank transfer (automatic),19.9,19.9
7726e3bd-1931-495f-9dd6-fa4d428021af,Male,0,No,No,38,Yes,No,DSL,Yes,Yes,No,Yes,Yes,No,One year,No,Mailed check,70.6,2708.2
0c46447d-441a-41e3-8fb2-53fafda55b94,Male,0,No,No,11,Yes,No,Fiber optic,No,No,No,No,No,No,Month-to-month,No,Electronic check,70.2,760.05
5412d47f-d588-4efc-a785-bef2c72a1e3c,Male,0,No,No,1,Yes,No,DSL,No,No,No,Yes,No,No,Month-to-month,Yes,Electronic check,49.3,49.3
39f4e798-cb00-4f66-b359-ee4eeb2f0f69,Male,0,Yes,No,56,Yes,Yes,Fiber optic,No,Yes,No,Yes,Yes,Yes,One year,Yes,Electronic check,107.25,6033.3
079794de-c335-4a70-9919-94105e732c54,Male,0,Yes,No,3,Yes,Yes,No,No internet service,No internet service,No internet service,No internet service,No internet service,No internet service,Month-to-month,Yes,Mailed check,23.6,89.05
3bec1d35-7837-484b-a6eb-6695900e78e6,Male,0,Yes,Yes,7,Yes,No,DSL,Yes,No,No,No,Yes,Yes,Month-to-month,No,Credit card (automatic),69.7,516.15
e162df00-3cda-4e27-8bf2-08a3f46a3978,Male,0,Yes,Yes,59,Yes,Yes,Fiber optic,No,No,Yes,No,Yes,Yes,Two year,Yes,Credit card (automatic),99.5,5861.75
43ec7b8d-a0ba-483c-b68f-af28806ce649,Male,0,No,No,7,Yes,No,DSL,No,No,Yes,Yes,Yes,No,Month-to-month,No,Bank transfer (automatic),64.3,445.95
1f46e890-6458-482d-be21-8a5dc4bb8ff2,Male,0,Yes,Yes,71,Yes,No,DSL,Yes,No,Yes,Yes,No,Yes,Two year,Yes,Credit card (automatic),70.85,4973.4
9f7e943d-06da-4f79-86f5-6b6480ff9b6b,Male,0,Yes,Yes,15,Yes,No,Fiber optic,Yes,No,No,Yes,Yes,Yes,One year,No,Electronic check,101.9,1667.25
ce89fb35-54f0-4638-bc93-9c3fa81f7514,Male,0,Yes,No,71,Yes,Yes,DSL,Yes,Yes,No,Yes,Yes,No,Two year,No,Credit card (automatic),73.5,5357.75
8ae24f5a-29e3-48f5-ab80-c2b076273181,Female,0,No,No,35,Yes,Yes,Fiber optic,No,No,Yes,No,Yes,Yes,Month-to-month,Yes,Electronic check,100.25,3527.6
f8d63b6c-9d1f-4682-947e-02ba12717175,Female,0,No,No,11,No,No phone service,DSL,No,Yes,Yes,Yes,No,No,One year,Yes,Credit card (automatic),40.4,422.6
3347d732-01dc-406c-acd3-9fbdde313a18,Female,0,Yes,Yes,60,Yes,No,No,No internet service,No internet service,No internet service,No internet service,No internet service,No internet service,Two year,Yes,Credit card (automatic),19.25,1103.25
5443784e-5e7b-49d0-9212-25e1eea2a757,Male,1,No,No,47,Yes,Yes,DSL,No,Yes,No,Yes,No,No,Two year,No,Bank transfer (automatic),59.6,2754.0
32b46349-02a2-4326-a5f0-4e49fff44b37,Female,0,No,No,11,Yes,No,DSL,No,No,Yes,Yes,No,Yes,One year,No,Credit card (automatic),64.9,697.25
3dccd316-f4a1-434d-9540-d31067be8f8c,Male,0,Yes,No,56,Yes,Yes,Fiber optic,No,Yes,No,No,Yes,Yes,One year,No,Credit card (automatic),100.3,5614.45
c3d7d569-117f-4a3d-acaf-44a474245f1f,Female,1,Yes,No,28,Yes,Yes,Fiber optic,No,Yes,Yes,Yes,Yes,Yes,Month-to-month,Yes,Electronic check,110.85,3204.4
ff33f3c3-91cc-4a10-9bc3-f04839c3dbb2,Male,0,Yes,No,61,Yes,No,DSL,Yes,Yes,No,Yes,Yes,Yes,Two year,Yes,Mailed check,81.05,4747.65
a6f0a573-cdc9-4b94-aabf-c1741ef000a2,Male,0,Yes,Yes,31,Yes,Yes,Fiber optic,Yes,No,Yes,No,Yes,No,One year,No,Bank transfer (automatic),98.05,3082.1
b3ded9f7-e5a7-4fe0-8d0b-e7c17f62e5d8,Male,0,No,No,9,Yes,No,Fiber optic,No,No,No,No,No,No,Month-to-month,Yes,Electronic check,70.5,597.9
328b8f6b-75d6-4d5f-b3dc-815d301794f8,Male,1,Yes,No,35,Yes,Yes,Fiber optic,Yes,Yes,No,No,No,Yes,Month-to-month,Yes,Electronic check,94.55,3365.4
779781b8-eb81-4935-b3ef-e33cd0af8f62,Male,0,No,No,2,Yes,No,No,No internet service,No internet service,No internet service,No internet service,No internet service,No internet service,Month-to-month,Yes,Mailed check,19.65,38.8
0d3abbf5-ca44-42a5-a6cf-7cc55b8906d2,Female,0,Yes,Yes,12,Yes,No,No,No internet service,No internet service,No internet service,No internet service,No internet service,No internet service,Month-to-month,No,Mailed check,19.0,233.55
b283adf0-f7ff-4ec4-9e67-9c39088c9b58,Female,0,No,No,1,Yes,No,Fiber optic,Yes,No,No,No,No,No,Month-to-month,No,Mailed check,75.3,75.3
eeb305bc-3e83-4fbd-a3ac-f030b3a838bc,Female,1,No,No,4,Yes,Yes,Fiber optic,No,No,Yes,No,Yes,No,Month-to-month,Yes,Electronic check,89.2,346.2
2907508c-743d-4200-b104-25ca3dc4c656,Female,0,Yes,Yes,1,Yes,No,No,No internet service,No internet service,No internet service,No internet service,No internet service,No internet service,Month-to-month,Yes,Mailed check,19.0,19.0
27740a4a-8e3f-4dd8-93e1-b65172fd9596,Female,0,No,No,3,Yes,No,No,No internet service,No internet service,No internet service,No internet service,No internet service,No internet service,Month-to-month,Yes,Mailed check,20.0,61.7
7be59dbe-49a7-49f9-9dcf-ab6664a9dced,Female,1,No,No,1,Yes,Yes,Fiber optic,No,No,No,No,Yes,No,Month-to-month,Yes,Electronic check,85.7,85.7
ae26804e-f25d-40eb-80b1-10d5c3a36877,Male,0,No,No,52,Yes,No,DSL,Yes,Yes,No,No,Yes,No,Two year,Yes,Credit card (automatic),63.25,3342.45
0a3a95a4-fa2a-45c2-b1fb-e75222b73833,Male,0,Yes,Yes,5,Yes,No,No,No internet service,No internet service,No internet service,No internet service,No internet service,No internet service,One year,No,Mailed check,20.1,85.1
795665ba-a3c7-49f3-8ae0-0ecb05078305,Male,0,Yes,No,72,Yes,Yes,Fiber optic,Yes,Yes,Yes,No,No,Yes,Two year,Yes,Electronic check,99.15,7422.1
3003298c-cc8d-44c4-b449-2ca3828e2534,Male,0,Yes,Yes,71,Yes,Yes,DSL,Yes,Yes,Yes,Yes,Yes,Yes,Two year,No,Electronic check,90.4,6668.05
dc07051c-b508-4b0c-b75b-f2c31261d972,Male,0,Yes,No,72,Yes,Yes,Fiber optic,Yes,No,Yes,Yes,Yes,Yes,Two year,Yes,Credit card (automatic),111.9,8071.05
9cbb1f2d-55e2-45fd-9052-66af74346ddb,Male,0,Yes,Yes,46,Yes,Yes,No,No internet service,No internet service,No internet service,No internet service,No internet service,No internet service,One year,No,Electronic check,24.9,1174.8
023323e2-fedd-46fc-9a2e-ae5e510f3934,Male,0,Yes,Yes,63,Yes,Yes,DSL,Yes,Yes,Yes,No,Yes,Yes,Two year,No,Credit card (automatic),83.5,5435.0
a3ac8e15-9eb5-4ef2-b588-534091db9e9f,Male,0,No,No,30,Yes,No,Fiber optic,Yes,Yes,Yes,No,No,No,Month-to-month,Yes,Credit card (automatic),84.3,2438.6
e223a6dd-cfc9-4d45-8000-f4f9bfad08dd,Male,0,No,No,1,Yes,No,DSL,No,No,No,No,No,No,Month-to-month,No,Mailed check,45.6,45.6
6b3905cb-ffb8-4284-94fc-ea462c0075f9,Female,0,No,No,12,Yes,Yes,DSL,Yes,No,Yes,Yes,No,No,Month-to-month,Yes,Mailed check,61.65,713.75
870fc864-837e-440e-8c20-fb4f0aade7b5,Male,0,No,No,16,No,No phone service,DSL,Yes,Yes,Yes,Yes,Yes,No,Two year,No,Mailed check,54.85,916.15
d1a49b63-dd49-456e-8f1a-c736a1978076,Male,0,No,No,4,Yes,Yes,DSL,No,No,No,Yes,No,Yes,Month-to-month,No,Mailed check,65.55,237.2
8c52c722-87ba-48cd-9288-068af395d217,Male,0,Yes,No,51,Yes,Yes,Fiber optic,No,Yes,No,No,No,Yes,One year,Yes,Credit card (automatic),90.35,4614.55
2fa8d70f-15d1-4447-97e4-71891756eae7,Male,0,Yes,No,65,Yes,No,No,No internet service,No internet service,No internet service,No internet service,No internet service,No internet service,Two year,Yes,Credit card (automatic),20.4,1414.45
fc709898-6ab8-4436-b223-c47e4ac82d37,Male,0,No,No,16,Yes,No,Fiber optic,No,No,No,Yes,No,No,Month-to-month,Yes,Credit card (automatic),74.55,1170.5
fbd3987d-363e-4258-b563-b375574eb96d,Male,0,No,No,2,Yes,No,No,No internet service,No internet service,No internet service,No internet service,No internet service,No internet service,One year,No,Mailed check,19.95,47.7
18157b66-5ca2-42c8-92a1-e8dcf36260ac,Female,0,Yes,Yes,66,Yes,Yes,Fiber optic,No,No,No,No,No,No,One year,Yes,Bank transfer (automatic),74.25,4859.25
433cff93-8520-4fb7-9b3b-a8e6ca84e02c,Male,0,No,No,46,Yes,Yes,Fiber optic,No,Yes,Yes,Yes,Yes,Yes,Two year,No,Electronic check,108.65,4903.2
bf2403ae-1976-4528-bda9-927db896e056,Female,0,No,No,32,Yes,Yes,Fiber optic,Yes,No,Yes,Yes,Yes,Yes,One year,Yes,Bank transfer (automatic),109.55,3608.0
ee088480-c4c1-4d51-b37a-ded7686e615a,Male,0,Yes,No,72,Yes,Yes,DSL,Yes,No,Yes,Yes,Yes,Yes,Two year,No,Credit card (automatic),86.65,6094.25
658766a2-4ea0-4a6b-9b19-be8d0cf594e0,Male,0,Yes,Yes,38,Yes,No,DSL,Yes,No,Yes,Yes,Yes,Yes,Two year,No,Credit card (automatic),81.0,3084.9
831c2c36-0b56-4cc9-bb6f-e23c6d8d32e6,Male,0,No,Yes,51,Yes,No,DSL,No,No,No,Yes,No,No,One year,No,Credit card (automatic),47.85,2356.75
